Project,Package,Class,Method,NLp,NNLp,NPths,PS,NCtr,NEl,NCtt,NVar,NEx,NMC,NIC,NIntC,NEC,NInt,NFlt,NNull,NStr,NArr,NObj,NLExp,UPC,Args,Lob
foo,profiling.constraint.bytecode,ByteCodeAnalyser,getCFGs,1,0,4,4,2,2,4.0,1.5,7.5,1.5,1.5,0.0,4.5,0.0,0.0,4.5,3.0,0.0,0.0,0.0,0.0,4.5,0,1,0,21
foo,profiling.constraint.bytecode,ByteCodeAnalyser,init,0,0,4,4,2,2,4.0,1.0,1.0,0.0,0.0,1.0,0.0,0.0,0.0,0.0,0.0,0.0,0.0,0.0,0.0,0.0,0,0,2,21
foo,profiling.constraint.bytecode,ByteCodeAnalyser,getCFG,1,0,5,5,3,3,4.3333335,2.3333333,14.666666,2.3333333,3.3333333,0.0,9.0,0.0,1.0,8.0,4.6666665,0.0,0.0,1.0,0.0,10.0,0,0,0,22
foo,profiling.constraint.bytecode,ByteCodeAnalyser,processClass,1,0,11,15,6,6,8.0,4.1666665,18.833332,7.1666665,5.6666665,0.0,6.0,0.0,0.6666667,5.3333335,10.5,0.0,0.0,0.8333333,3.1666667,7.5,0,0,1,156
foo,profiling.constraint.bytecode,ByteCodeAnalyser,init,0,0,4,4,2,2,4.0,1.0,1.0,0.0,0.0,1.0,0.0,0.0,0.0,0.0,0.0,0.0,0.0,0.0,0.0,0.0,0,0,1,25
foo,profiling.constraint.graph,Node,copy,2,1,9,11,4,4,7.25,3.5,10.0,4.0,3.5,0.0,2.5,0.0,0.0,2.5,5.5,0.0,1.0,0.0,0.0,3.5,0,1,0,94
foo,profiling.constraint.bytecode.instructionhandler,LDCHandler,handle,0,0,7,9,4,4,4.25,2.5,10.0,5.0,2.5,0.0,2.5,0.0,0.0,0.0,5.0,0.0,0.0,0.0,0.0,2.5,0,1,0,66
foo,profiling.constraint.project,Clazz,meanMetricToCSV,1,0,4,4,2,2,4.0,1.5,7.5,1.5,1.5,0.0,4.5,0.0,0.0,4.5,3.0,0.0,0.0,0.0,0.0,4.5,0,1,2,27
foo,profiling.constraint.project,Clazz,printMetricsToFile_byMethod,1,0,6,10,6,6,4.5,1.5,4.166667,0.6666667,0.6666667,0.8333333,2.0,0.0,0.0,2.0,1.3333334,0.0,0.0,0.0,0.0,2.0,0,0,0,22
foo,profiling.constraint.project,Clazz,calculateMetrics,1,0,4,4,2,2,4.0,1.5,7.5,1.5,1.5,0.0,4.5,0.0,0.0,4.5,3.0,0.0,0.0,0.0,0.0,4.5,0,1,0,16
foo,profiling.constraint.analysis,ConstraintInfoToFile,headProject,1,0,4,4,2,2,4.0,1.5,6.5,5.0,1.5,0.0,0.0,0.0,0.0,0.0,6.5,0.0,0.0,0.0,0.0,0.0,0,0,0,212
foo,profiling.constraint.analysis,ConstraintInfoToFile,headClass,1,0,4,4,2,2,4.0,1.5,6.5,5.0,1.5,0.0,0.0,0.0,0.0,0.0,6.5,0.0,0.0,0.0,0.0,0.0,0,0,0,240
foo,profiling.constraint.analysis,ConstraintInfoToFile,toOneLineString,0,0,60,82,24,24,37.416668,23.0,92.0,45.0,23.0,0.0,24.0,0.0,2.0,22.0,0.0,2.0,22.0,22.0,0.0,46.0,0,1,0,888
foo,profiling.constraint.analysis,ConstraintInfoToFile,toOneLineString_short,0,0,21,30,11,11,11.909091,10.0,40.0,20.0,10.0,0.0,10.0,0.0,0.0,10.0,0.0,0.0,10.0,10.0,0.0,20.0,0,1,0,366
foo,profiling.constraint.analysis,ConstraintInfoToFile,toPaperString_types,0,0,28,36,10,10,19.0,9.0,36.0,18.0,9.0,0.0,9.0,0.0,0.0,9.0,0.0,0.0,9.0,9.0,0.0,18.0,0,1,0,318
foo,profiling.constraint.analysis,ConstraintInfoToFile,head,1,0,4,4,2,2,4.0,1.5,6.5,5.0,1.5,0.0,0.0,0.0,0.0,0.0,6.5,0.0,0.0,0.0,0.0,0.0,0,0,0,248
foo,profiling.constraint.analysis,ConstraintInfoToFile,toVerboseString,0,0,40,52,14,14,27.0,13.0,52.0,25.0,13.0,0.0,14.0,0.0,2.0,12.0,0.0,2.0,12.0,12.0,0.0,26.0,0,1,1,835
foo,profiling.constraint.analysis,ConstraintInfoToFile,toPaperString_metrics,0,0,7,8,3,3,5.0,2.0,10.0,4.0,2.0,0.0,4.0,0.0,2.0,2.0,0.0,0.0,2.0,2.0,0.0,6.0,0,1,1,361
foo,profiling.constraint.analysis,ConstraintInfoToFile,headMethod,1,0,4,4,2,2,4.0,1.5,6.5,5.0,1.5,0.0,0.0,0.0,0.0,0.0,6.5,0.0,0.0,0.0,0.0,0.0,0,0,0,244
foo,profiling.constraint.graph,CFG,changeNodeLabels,1,0,4,4,2,2,4.0,1.5,7.5,1.5,1.5,0.0,4.5,0.0,0.0,4.5,3.0,0.0,0.0,0.0,0.0,4.5,0,1,0,49
foo,profiling.constraint.graph,CFG,getConstraintCount,1,0,7,9,4,4,5.75,3.25,17.75,3.25,3.25,0.0,11.25,0.0,1.5,9.75,6.5,0.0,0.0,0.0,0.0,11.25,0,0,0,30
foo,profiling.constraint.graph,CFG,getStrNodes,1,0,4,4,2,2,4.0,1.5,7.5,1.5,1.5,0.0,4.5,0.0,0.0,4.5,3.0,0.0,0.0,0.0,0.0,4.5,0,1,0,24
foo,profiling.constraint.graph,CFG,getPlanEdges,8,2,44,63,21,21,18.047619,9.523809,46.857143,12.523809,2.2380953,0.0,32.095238,0.0,7.7619047,24.333334,21.380953,0.0,0.0,0.0,0.0,25.476189,0,1,1,315
foo,profiling.constraint.graph,CFG,toString,1,0,4,4,2,2,4.0,1.5,7.5,1.5,1.5,0.0,4.5,0.0,0.0,4.5,3.0,0.0,0.0,0.0,0.0,4.5,0,1,0,29
foo,profiling.constraint.graph,CFG,copy,4,2,15,20,7,7,10.428572,5.428571,23.714285,5.428571,5.428571,0.0,12.857142,0.0,0.5714286,12.285714,8.857142,0.0,1.0,0.0,0.0,13.857142,0,1,0,120
foo,profiling.constraint.graph,CFG,getEdgesFromNode,1,0,5,6,3,3,4.6666665,2.3333333,15.0,2.3333333,3.0,0.0,9.666667,0.0,2.0,7.6666665,4.6666665,0.0,0.0,0.0,0.0,10.333333,0,0,0,30
foo,profiling.constraint.graph,CFG,changeEdgeLabels,1,0,4,4,2,2,4.0,1.5,7.5,1.5,1.5,0.0,4.5,0.0,0.0,4.5,3.0,0.0,0.0,0.0,0.0,4.5,0,1,0,36
foo,profiling.constraint.bytecode.instructionhandler,LoadHandler,handle,0,0,5,6,3,3,3.6666667,2.0,10.0,3.0,3.0,0.0,4.0,1.0,1.0,1.0,3.0,0.0,1.0,0.0,0.0,5.0,0,0,0,49
foo,profiling.constraint.graph,JGraphTUtils,computeStronglyConnectedNodes,1,0,4,4,2,2,4.0,1.5,8.0,2.0,1.5,0.0,4.5,0.0,0.0,4.5,3.5,0.0,0.0,0.0,0.0,4.5,0,0,3,36
foo,profiling.constraint.graph,JGraphTUtils,transformIntoDirectedGraph,2,1,7,8,3,3,6.3333335,2.6666667,16.0,2.6666667,2.6666667,0.0,10.666667,0.0,2.6666667,8.0,5.3333335,0.0,0.0,0.0,0.0,10.666667,0,1,1,52
foo,profiling.constraint.graph,JGraphTUtils,getInstance,0,0,3,3,2,2,2.5,1.0,2.0,1.0,1.0,0.0,0.0,0.0,0.0,0.0,0.0,0.0,1.0,0.0,0.0,1.0,0,0,1,8
foo,profiling.constraint.graph,JGraphTUtils,getShortestPath,1,0,9,11,5,5,5.4,3.2,17.6,3.6,8.4,0.0,5.6,0.0,0.0,5.6,4.4,0.0,1.0,5.6,0.0,12.2,0,1,0,76
foo,profiling.constraint.analysis,ConstraintSequenceGenerator,getConstraintSequenceElements,2,1,12,17,7,7,7.857143,4.714286,35.571426,10.428572,5.428571,0.0,19.714285,0.0,8.714286,11.0,8.142858,0.0,3.857143,1.4285715,0.0,22.142859,0,1,3,93
foo,profiling.constraint.analysis,ConstraintSequenceGenerator,applyUpdateOnMethodCall,1,0,7,8,3,3,5.6666665,2.3333333,12.0,4.3333335,2.3333333,0.0,5.3333335,0.0,2.3333333,2.3333333,6.0,0.0,0.0,0.0,0.0,5.333333,0,0,2,51
foo,profiling.constraint.analysis,ConstraintSequenceGenerator,replaceConstraint,2,1,9,10,4,4,6.0,3.0,8.5,3.75,2.25,0.0,2.5,0.0,1.0,1.5,6.75,0.0,0.0,0.0,0.0,1.75,0,0,2,79
foo,profiling.constraint.analysis,ConstraintSequenceGenerator,replaceVariable,0,0,3,2,2,2,2.0,1.0,8.0,1.0,2.0,0.0,5.0,0.0,4.0,1.0,2.0,0.0,0.0,0.0,0.0,6.0,0,0,2,28
foo,profiling.constraint.analysis,ConstraintSequenceGenerator,replaceExpression,1,0,6,7,3,3,5.3333335,2.3333333,12.666667,6.0,3.0,0.0,3.6666667,0.0,0.0,3.0,8.333333,0.0,0.0,0.0,0.0,3.6666667,0,0,2,39
foo,profiling.constraint.analysis,ConstraintSequenceGenerator,applyUpdateOnVariable,0,0,6,8,4,4,3.75,2.25,9.25,3.5,2.25,0.0,3.5,0.0,2.25,0.0,2.5,0.0,1.0,0.0,0.0,4.5,0,1,2,37
foo,profiling.constraint.analysis,ConstraintSequenceGenerator,applyUpdate,3,0,43,60,22,22,8.636364,6.2727275,27.0,10.227273,8.409091,0.0,8.363636,0.5,3.1363637,1.1818181,12.045454,0.0,0.36363637,0.0,0.0,11.045454,0,1,2,273
foo,profiling.constraint.analysis,ConstraintSequenceGenerator,replaceArrayElement,0,0,3,2,2,2,2.0,1.0,7.0,1.0,2.0,0.0,4.0,0.0,2.0,2.0,2.0,0.0,0.0,0.0,0.0,5.0,0,0,0,24
foo,profiling.constraint.analysis,ConstraintSequenceGenerator,replaceStaticClass,0,0,3,3,2,2,2.5,1.0,7.0,1.0,2.0,0.0,4.0,0.0,3.0,1.0,2.0,0.0,0.0,0.0,0.0,5.0,0,0,2,24
foo,profiling.constraint.bytecode.instructionhandler,HandlerFactory,createInstructionHandler,0,0,55,58,30,30,16.466667,15.466666,59.666668,28.733334,15.466666,0.0,15.466666,0.0,2.2,0.0,30.933332,0.0,0.0,0.0,0.0,15.466666,0,1,0,196
foo,profiling.constraint.bytecode,BytecodeUtils,isXCMPInstruction,0,0,7,10,6,6,4.3333335,3.3333333,13.333333,6.6666665,3.3333333,0.0,3.3333333,0.0,0.0,0.0,6.6666665,0.0,0.0,0.0,0.0,3.3333333,0,1,1,19
foo,profiling.constraint.bytecode,BytecodeUtils,isInstanceOfIfInstruction,0,0,10,16,9,9,5.888889,4.888889,19.555555,9.777778,4.888889,0.0,4.888889,0.0,0.0,0.0,9.777778,0.0,0.0,0.0,0.0,4.888889,0,1,1,28
foo,profiling.constraint.bytecode,BytecodeUtils,isNEG,0,0,6,8,5,5,3.8,2.8,11.2,5.6,2.8,0.0,2.8,0.0,0.0,0.0,5.6,0.0,0.0,0.0,0.0,2.8,0,1,0,16
foo,profiling.constraint.bytecode,BytecodeUtils,isInstanceOfXCONST,0,0,7,10,6,6,4.3333335,3.3333333,13.333333,6.6666665,3.3333333,0.0,3.3333333,0.0,0.0,0.0,6.6666665,0.0,0.0,0.0,0.0,3.3333333,0,1,1,19
foo,profiling.constraint.bytecode,BytecodeUtils,isArrayInstruction,0,0,7,10,6,6,4.3333335,3.3333333,13.333333,6.6666665,3.3333333,0.0,3.3333333,0.0,0.0,0.0,6.6666665,0.0,0.0,0.0,0.0,3.3333333,0,1,1,19
foo,profiling.constraint.bytecode,BytecodeUtils,isType2TypeInstruction,0,0,17,30,16,16,9.4375,8.4375,33.75,16.875,8.4375,0.0,8.4375,0.0,0.0,0.0,16.875,0.0,0.0,0.0,0.0,8.4375,0,1,1,49
foo,profiling.constraint.bytecode,BytecodeUtils,isInstanceOfIfReturn,0,0,9,14,8,8,5.375,4.375,17.5,8.75,4.375,0.0,4.375,0.0,0.0,0.0,8.75,0.0,0.0,0.0,0.0,4.375,0,1,1,25
foo,profiling.constraint.project,Method,hasConstraintElements,0,0,3,2,2,2,2.0,1.0,3.0,1.0,1.0,0.0,1.0,0.0,0.0,1.0,2.0,0.0,0.0,0.0,0.0,1.0,0,0,2,9
foo,profiling.constraint.project,Method,generatecontvet,1,0,4,4,2,2,4.0,1.5,3.5,3.5,0.0,0.0,0.0,0.0,0.0,0.0,3.5,0.0,0.0,0.0,0.0,0.0,0,0,1,23
foo,profiling.constraint.project,Method,pathsMetricToCSV,1,0,12,16,6,6,7.5,4.1666665,15.0,4.1666665,3.1666667,0.0,7.6666665,1.0,1.6666666,5.0,8.333333,0.0,0.0,0.0,0.0,6.666667,0,0,0,167
foo,profiling.constraint.project,Method,calcCC,2,0,11,14,6,6,7.6666665,4.3333335,22.833332,5.5,3.3333333,0.0,14.0,0.0,4.0,10.0,8.833333,0.0,0.0,0.0,0.0,13.999999,0,1,1,69
foo,profiling.constraint.project,Method,isIn,1,0,6,6,3,3,4.3333335,2.0,5.0,3.6666667,1.3333334,0.0,0.0,0.0,0.0,0.0,4.3333335,0.0,0.0,0.0,0.0,0.0,0,0,0,16
foo,profiling.constraint.project,Method,getPlanEdges,0,0,3,3,2,2,2.5,1.0,2.0,1.0,0.0,0.0,1.0,1.0,0.0,0.0,2.0,0.0,0.0,0.0,0.0,0.0,0,0,0,71
foo,profiling.constraint.project,Method,sortNodes,4,3,15,19,6,6,10.833333,5.0,26.666666,9.0,13.0,0.0,4.6666665,0.0,1.1666666,3.5,17.833332,0.0,0.0,4.1666665,4.1666665,8.833333,0,1,0,98
foo,profiling.constraint.project,Method,meanMetricToCSV,1,0,8,11,5,5,5.6,3.4,11.6,3.4,2.4,0.0,5.8,1.0,1.6,3.2,6.8,0.0,0.0,0.0,0.0,4.8,0,0,0,208
foo,profiling.constraint.project,Method,calculateMetrics,1,0,21,31,12,12,8.583333,6.0,23.166666,7.9166665,4.9166665,0.0,10.333333,1.0,5.0833335,4.25,13.0,0.0,0.0,2.25,0.0,9.333334,0,1,0,167
foo,profiling.constraint.project,Method,printComparisonsToCSV,2,0,11,14,5,5,7.8,3.6,7.8,6.8,0.0,0.0,1.0,1.0,0.0,0.0,7.7999997,0.0,0.0,0.0,0.0,0.0,0,0,0,136
foo,profiling.constraint.project,Method,getPackageName,0,0,5,6,4,4,3.25,2.25,6.25,2.75,2.25,0.0,1.25,0.0,0.0,1.25,2.5,0.0,1.0,2.75,0.0,2.25,0,0,1,18
foo,profiling.constraint.project,Method,calculateCyclomaticComplexity,1,0,9,12,5,5,7.0,3.6,19.0,5.0,2.6,0.0,11.4,0.0,3.6,7.8,7.6,0.0,0.0,0.0,0.0,11.4,0,0,0,55
foo,profiling.constraint.project,Method,getClassName,0,0,5,6,4,4,3.25,2.25,6.25,2.75,2.25,0.0,1.25,0.0,0.0,1.25,2.5,0.0,1.0,2.75,0.0,2.25,0,0,0,21
foo,profiling.constraint.project,Method,meanMetricToCSV_short,1,0,18,25,9,9,8.333333,5.111111,15.222222,5.4444447,3.7777777,0.0,6.0,1.0,1.6666666,3.3333333,8.222222,0.0,1.0,0.0,0.0,5.0,0,0,0,290
foo,profiling.constraint.project,Method,constraintsToCSV,2,1,8,10,4,4,6.0,3.0,12.25,3.0,2.0,0.0,7.25,1.0,0.75,5.5,6.0,0.0,0.0,0.0,0.0,6.25,0,1,0,119
foo,profiling.constraint.project,Method,pathsMetricToCSV_short,1,0,12,16,6,6,7.5,4.1666665,15.0,4.1666665,3.1666667,0.0,7.6666665,1.0,1.6666666,5.0,8.333333,0.0,0.0,0.0,0.0,6.666667,0,0,0,176
foo,profiling.constraint.analysis.stack,NewArray,toString,1,0,4,4,2,2,4.0,1.5,6.5,3.5,1.5,0.0,1.5,0.0,0.0,1.5,5.0,0.0,0.0,0.0,0.0,1.5,0,0,1,39
foo,profiling.constraint.analysis.stack,NewArray,setVisited,1,0,4,4,2,2,4.0,1.5,5.0,2.0,1.5,0.0,1.5,0.0,0.0,1.5,3.5,0.0,0.0,0.0,0.0,1.5,0,0,0,20
foo,profiling.constraint.analysis.stack,RelationalExpression,getType,1,0,17,23,8,8,7.625,4.25,16.5,9.25,0.0,0.0,7.25,0.0,0.0,7.25,10.75,0.0,0.0,1.75,0.0,4.0,0,1,0,86
foo,profiling.constraint.graph,CombinedCFG,joinCFGs,5,3,19,25,8,8,13.25,6.375,33.75,7.5,8.0,0.0,18.25,0.0,6.25,12.0,14.25,0.0,0.25,0.25,0.0,19.0,0,1,0,247
foo,profiling.constraint.bytecode.instructionhandler,FieldHandler,handle,0,0,27,40,15,15,13.266666,10.533334,36.533333,21.133333,7.133333,0.0,8.266666,0.0,1.0666667,2.0666666,16.8,0.0,3.2666667,1.3333334,0.0,10.0,0,1,0,221
foo,profiling.constraint.bytecode.instructionhandler,NewHandler,handle,0,0,7,9,4,4,4.5,2.5,8.5,4.75,1.75,0.0,2.0,0.0,0.5,0.5,3.0,0.0,1.75,0.5,0.0,2.25,0,1,0,48
foo,profiling.constraint.bytecode.instructionhandler,AbstractHandler,getVariableName,0,0,4,5,3,3,3.0,1.6666666,4.6666665,1.6666666,2.3333333,0.0,0.6666667,0.0,0.0,0.6666667,0.6666667,0.0,1.6666666,0.0,0.0,2.3333333,0,0,1,22
foo,profiling.constraint.bytecode.instructionhandler,AbstractHandler,getVariableType,0,0,4,5,3,3,3.0,1.6666666,4.6666665,1.6666666,2.3333333,0.0,0.6666667,0.0,0.0,0.6666667,0.6666667,0.0,1.6666666,0.0,0.0,2.3333333,0,0,0,15
foo,profiling.constraint.bytecode.instructionhandler,ArrayHandler,handle,1,0,27,40,15,15,10.0,7.4,31.066666,13.6,7.4,0.0,10.066667,0.6666667,0.0,3.2666667,14.866667,0.0,0.0,0.0,0.0,10.066667,0,1,1,347
foo,profiling.constraint.bytecode.instructionhandler,ArrayHandler,isStoreInstruction,0,0,10,16,9,9,5.888889,4.888889,19.555555,9.777778,4.888889,0.0,4.888889,0.0,0.0,0.0,9.777778,0.0,0.0,0.0,0.0,4.888889,0,1,0,28
foo,profiling.constraint.analysis.info,MethodCallInfo,increment,1,0,6,7,3,3,5.0,2.3333333,15.333333,2.3333333,3.0,0.0,10.0,0.0,2.3333333,7.6666665,4.6666665,0.0,0.0,0.0,0.0,10.666666,0,0,1,95
foo,profiling.constraint.analysis.info,MethodCallInfo,calculateMean,3,1,11,14,5,5,8.4,4.2,24.4,4.2,4.6,0.0,15.6,0.0,1.4,14.2,8.4,0.0,0.0,0.0,0.0,16.0,0,1,0,177
foo,profiling.constraint.analysis.info,MethodCallInfo,getObjectTypes,1,0,5,6,3,3,4.6666665,2.3333333,12.333333,2.3333333,2.3333333,0.0,7.6666665,0.0,0.6666667,7.0,4.6666665,0.0,0.0,0.0,0.0,7.666666,0,0,0,29
foo,profiling.constraint.analysis.info,MethodCallInfo,getPrimitiveTypes,1,0,5,6,3,3,4.6666665,2.3333333,12.333333,2.3333333,2.3333333,0.0,7.6666665,0.0,0.6666667,7.0,4.6666665,0.0,0.0,0.0,0.0,7.666666,0,0,0,29
foo,profiling.constraint.analysis.info,MethodCallInfo,increment,0,0,15,21,8,8,8.875,6.25,25.25,7.5,6.25,0.0,11.5,1.0,8.25,2.25,12.5,0.0,0.0,1.25,0.0,11.5,0,1,0,87
foo,profiling.constraint.analysis.info,MethodCallInfo,getArrayTypes,1,0,5,6,3,3,4.6666665,2.3333333,12.333333,2.3333333,2.3333333,0.0,7.6666665,0.0,0.6666667,7.0,4.6666665,0.0,0.0,0.0,0.0,7.666666,0,0,1,29
foo,profiling.constraint.analysis.info,MethodCallInfo,getDistinctObjectTypes,1,0,5,6,3,3,4.6666665,2.3333333,12.333333,2.3333333,2.3333333,0.0,7.6666665,0.0,0.6666667,7.0,4.6666665,0.0,0.0,0.0,0.0,7.666666,0,0,0,26
foo,profiling.constraint.bytecode.instructionhandler,IINCHandler,handle,0,0,13,18,7,7,7.0,4.285714,18.285713,4.857143,5.428571,0.0,8.0,1.4285715,1.4285715,5.142857,6.857143,0.0,1.5714285,0.5714286,0.0,9.285715,0,1,0,138
foo,profiling.constraint.analysis.stack,Variable,toString,0,0,4,5,3,3,3.0,1.6666666,3.3333333,1.6666666,1.6666666,0.0,0.0,0.0,0.0,0.0,2.0,0.0,0.6666667,0.0,0.0,0.6666667,0,0,0,33
foo,profiling.constraint.analysis.stack,Variable,setVisited,0,0,4,5,3,3,3.0,1.6666666,5.333333,1.6666666,1.6666666,0.0,2.0,0.6666667,0.6666667,0.6666667,1.3333334,0.0,1.0,0.0,0.0,3.0,0,0,0,20
foo,profiling.constraint.analysis.stack,Variable,copy,0,0,5,6,3,3,3.3333333,1.6666666,5.333333,1.6666666,1.6666666,0.0,2.0,0.6666667,0.6666667,0.6666667,1.3333334,0.0,1.0,0.0,0.0,3.0,0,0,1,65
foo,profiling.constraint.bytecode.instructionhandler,ReturnHandler,handle,0,0,13,18,7,7,7.142857,4.714286,20.571428,9.428572,4.714286,0.0,6.428571,0.0,0.0,2.5714285,9.428572,0.0,0.0,0.85714287,0.0,6.4285717,0,1,0,53
foo,profiling.constraint.analysis,Path,getVetEdges,1,0,4,4,2,2,4.0,1.5,6.5,3.5,0.0,0.0,3.0,1.5,0.0,1.5,5.0,0.0,0.0,0.0,0.0,1.5,0,0,1,42
foo,profiling.constraint.analysis,Path,checkForEnsuredUnsolvability,2,1,11,14,5,5,9.0,4.4,22.599998,11.4,5.0,0.0,6.2,0.0,1.2,5.0,15.8,0.0,0.0,0.0,0.0,6.8,0,1,0,50
foo,profiling.constraint.analysis,Path,containsNode,1,0,5,5,3,3,4.0,2.0,9.333334,2.0,2.0,0.0,5.3333335,0.6666667,0.0,4.6666665,4.0,0.0,0.0,0.0,0.0,5.3333335,0,0,0,22
foo,profiling.constraint.analysis,Path,checkForLinearity,1,0,5,6,3,3,4.6666665,2.3333333,10.0,2.3333333,2.3333333,0.0,5.3333335,0.0,0.6666667,4.6666665,4.6666665,0.0,0.0,0.0,0.0,5.333333,0,0,0,19
foo,profiling.constraint.analysis,Path,containsEdge,1,0,5,5,3,3,4.0,2.0,9.333334,2.0,2.0,0.0,5.3333335,0.6666667,0.0,4.6666665,4.0,0.0,0.0,0.0,0.0,5.3333335,0,0,1,22
foo,profiling.constraint.analysis,Path,toString,1,0,4,4,2,2,4.0,1.5,6.0,1.5,1.5,0.0,3.0,0.0,0.0,3.0,3.0,0.0,0.0,0.0,0.0,3.0,0,1,0,28
foo,profiling.constraint.analysis,Path,getVetNodes,1,0,4,4,2,2,4.0,1.5,6.0,1.5,1.5,0.0,3.0,0.0,0.0,3.0,3.0,0.0,0.0,0.0,0.0,3.0,0,1,1,23
foo,profiling.constraint.analysis,Path,calculateMetrics,0,0,5,6,3,3,3.6666667,2.0,4.0,2.0,1.0,0.0,1.0,1.0,0.0,0.0,4.0,0.0,0.0,0.0,0.0,0.0,0,0,0,40
foo,profiling.constraint.project,Project,loadProject_jar,2,1,17,40,25,25,9.28,5.76,28.96,7.92,2.92,1.04,17.08,0.0,5.52,11.56,9.44,0.0,0.0,5.64,0.0,15.28,0,1,1,167
foo,profiling.constraint.project,Project,getInfo,1,0,4,4,2,2,4.0,1.5,7.5,1.5,1.5,0.0,4.5,0.0,0.0,4.5,3.0,0.0,0.0,0.0,0.0,4.5,0,1,0,109
foo,profiling.constraint.project,Project,countAllMethods,1,0,4,4,2,2,4.0,1.5,7.5,1.5,1.5,0.0,4.5,0.0,0.0,4.5,3.0,0.0,0.0,0.0,0.0,4.5,0,1,0,31
foo,profiling.constraint.project,Project,countUnsolvableConstraintSequences,3,2,9,12,5,5,8.2,4.6,38.8,4.6,4.6,0.0,29.6,0.0,4.6,25.0,9.2,0.0,0.0,0.0,0.0,29.6,0,1,0,46
foo,profiling.constraint.project,Project,calculateMetrics,1,0,8,12,6,6,6.3333335,4.1666665,27.833332,6.5,4.1666665,0.0,17.166666,0.0,2.3333333,14.833333,8.333333,0.0,0.0,2.3333333,0.0,17.166666,0,1,0,38
foo,profiling.constraint.project,Project,countConstraintSequences,2,1,6,7,3,3,5.6666665,2.6666667,17.333334,2.6666667,2.6666667,0.0,12.0,0.0,1.0,11.0,5.3333335,0.0,0.0,0.0,0.0,12.000001,0,1,0,36
foo,profiling.constraint.project,Project,countAnalyzedMethods,2,1,7,9,4,4,6.5,3.5,25.0,3.5,3.5,0.0,18.0,0.0,2.25,15.75,7.0,0.0,0.0,0.0,0.0,18.0,0,1,0,34
foo,profiling.constraint.project,Project,countInitMethods,2,1,7,9,4,4,6.5,3.5,22.0,3.5,4.0,0.0,14.5,0.0,1.25,13.25,7.0,0.0,0.0,0.0,0.0,15.0,0,1,0,34
foo,profiling.constraint.project,Project,loadFiles,2,1,24,39,17,17,13.6470585,10.0,53.294117,20.235294,7.117647,0.05882353,25.882353,0.0,10.705882,15.176471,23.705883,0.0,0.0,6.470588,4.8235292,23.058823,0,1,0,212
foo,profiling.constraint.project,Project,meanMetricToCSV,1,0,4,4,2,2,4.0,1.5,7.5,1.5,1.5,0.0,4.5,0.0,0.0,4.5,3.0,0.0,0.0,0.0,0.0,4.5,0,1,0,27
foo,profiling.constraint.project,Project,getCFG,0,0,4,4,3,3,2.6666667,1.6666666,8.666666,1.6666666,4.0,0.0,3.0,0.0,0.6666667,2.3333333,0.0,0.0,1.6666666,2.3333333,0.0,7.0,0,1,1,21
foo,profiling.constraint.project,Project,countGetSetMethods,2,1,7,9,4,4,6.5,3.5,22.0,3.5,4.0,0.0,14.5,0.0,1.25,13.25,7.0,0.0,0.0,0.0,0.0,15.0,0,1,0,34
foo,profiling.constraint.project,Project,extractAllMethods_jar,2,1,11,18,9,9,8.555555,4.5555553,19.777777,4.7777777,4.4444447,0.5555556,10.0,0.0,0.0,10.0,8.0,0.0,0.0,0.7777778,0.44444445,10.444445,0,0,1,95
foo,profiling.constraint.project,Project,countAbstractMethods,1,0,4,4,2,2,4.0,1.5,7.5,1.5,1.5,0.0,4.5,0.0,0.0,4.5,3.0,0.0,0.0,0.0,0.0,4.5,0,1,0,23
foo,profiling.constraint.project,Project,extractAllMethods,2,1,15,23,10,10,10.4,5.3,25.7,9.5,7.0,0.6,8.6,0.0,0.0,8.6,12.7,0.0,0.0,1.5,4.7000003,10.900001,0,0,0,121
foo,profiling.constraint.project,Project,addMethod,0,0,3,3,2,2,2.5,1.0,4.0,1.0,2.0,0.0,1.0,0.0,0.0,1.0,0.0,0.0,1.0,1.0,0.0,3.0,0,0,2,14
foo,profiling.constraint.graph,Edge,copy,1,0,4,4,2,2,4.0,1.5,6.0,1.5,1.5,0.0,3.0,0.0,0.0,3.0,3.0,0.0,0.0,0.0,0.0,3.0,0,1,0,49
foo,profiling.constraint.analysis,PathUtil,sortPaths,2,1,9,11,4,4,7.75,3.5,17.0,7.0,4.0,0.0,6.0,0.0,1.0,5.0,11.0,0.0,0.0,0.0,0.0,6.0,0,0,0,54
foo,profiling.constraint.analysis.info,VariableInfo,increment,1,0,6,7,3,3,5.0,2.3333333,15.333333,2.3333333,3.0,0.0,10.0,0.0,2.3333333,7.6666665,4.6666665,0.0,0.0,0.0,0.0,10.666666,0,0,1,95
foo,profiling.constraint.analysis.info,VariableInfo,getArrayTypes,1,0,5,6,3,3,4.6666665,2.3333333,12.333333,2.3333333,2.3333333,0.0,7.6666665,0.0,0.6666667,7.0,4.6666665,0.0,0.0,0.0,0.0,7.666666,0,0,1,29
foo,profiling.constraint.analysis.info,VariableInfo,getObjectTypes,1,0,6,8,4,4,5.25,3.0,16.25,3.0,3.0,0.0,10.25,0.0,1.25,9.0,6.0,0.0,0.0,0.0,0.0,10.25,0,0,0,32
foo,profiling.constraint.analysis.info,VariableInfo,getDistinctObjectTypes,1,0,5,6,3,3,4.6666665,2.3333333,12.333333,2.3333333,2.3333333,0.0,7.6666665,0.0,0.6666667,7.0,4.6666665,0.0,0.0,0.0,0.0,7.666666,0,0,0,26
foo,profiling.constraint.analysis.info,VariableInfo,getPrimitiveTypes,1,0,5,6,3,3,4.6666665,2.3333333,12.333333,2.3333333,2.3333333,0.0,7.6666665,0.0,0.6666667,7.0,4.6666665,0.0,0.0,0.0,0.0,7.666666,0,0,0,29
foo,profiling.constraint.analysis.info,VariableInfo,calculateMean,3,1,11,14,5,5,8.4,4.2,24.4,4.2,4.6,0.0,15.6,0.0,1.4,14.2,8.4,0.0,0.0,0.0,0.0,16.0,0,1,0,177
foo,profiling.constraint.analysis.info,VariableInfo,increment,0,0,14,19,7,7,8.714286,6.0,21.0,6.0,6.0,0.0,9.0,1.0,7.0,1.0,12.0,0.0,0.0,0.0,0.0,9.0,0,0,0,71
foo,profiling.constraint.bytecode.instructionhandler,XConstHandler,handle,0,0,14,20,8,8,8.0,6.25,26.25,13.0,5.75,0.0,7.5,0.0,0.25,2.25,12.5,0.0,0.0,1.75,0.0,7.0,0,1,0,89
foo,profiling.constraint.analysis.info,ParametersInfo,calculateMean,1,0,4,4,2,2,4.0,1.5,6.0,1.5,1.5,0.0,3.0,0.0,0.0,3.0,3.0,0.0,0.0,0.0,0.0,3.0,0,1,0,65
foo,profiling.constraint.analysis.stack,ArithmeticExpression,isVariableElement,0,0,10,10,6,6,4.0,3.0,11.666666,5.6666665,3.0,0.0,3.0,0.0,0.33333334,0.0,6.0,0.0,0.0,0.0,0.0,3.0,0,1,0,28
foo,profiling.constraint.analysis.stack,ArithmeticExpression,toString,1,0,4,4,2,2,4.0,1.5,6.0,1.5,1.5,0.0,3.0,0.0,0.0,3.0,3.0,0.0,0.0,0.0,0.0,3.0,0,1,0,26
foo,profiling.constraint.analysis.stack,ArithmeticExpression,setVisited,1,0,4,4,2,2,4.0,1.5,5.0,2.0,1.5,0.0,1.5,0.0,0.0,1.5,3.5,0.0,0.0,0.0,0.0,1.5,0,0,0,27
foo,profiling.constraint.analysis.stack,ArithmeticExpression,main,2,0,7,8,3,3,6.3333335,2.6666667,13.333334,2.6666667,0.0,0.0,10.666667,0.0,5.3333335,5.3333335,5.3333335,0.0,0.0,0.0,0.0,8.0,0,1,0,229
foo,profiling.constraint.analysis.stack,ArithmeticExpression,hasVariableElement,1,0,12,13,7,7,6.285714,4.285714,23.142857,7.142857,4.285714,0.0,11.714286,0.0,0.2857143,8.571428,8.571428,0.0,0.0,0.0,0.0,11.714285,0,1,0,40
foo,profiling.constraint.analysis.stack,ArithmeticExpression,isNonLinear,3,1,29,66,40,40,10.275,6.35,29.2,8.875,0.0,0.85,19.475,5.375,1.625,11.675,11.0,0.0,0.0,2.575,0.0,13.974999,0,1,1,198
foo,profiling.constraint.analysis.stack,ArithmeticExpression,copy,1,0,4,4,2,2,4.0,1.5,6.0,1.5,1.5,0.0,3.0,0.0,0.0,3.0,3.0,0.0,0.0,0.0,0.0,3.0,0,1,0,38
foo,profiling.constraint.analysis.stack,ArithmeticExpression,getPostfixExpression,3,2,39,63,26,26,15.730769,11.538462,65.769226,19.346153,9.0,0.0,37.423077,0.0,6.8846154,29.615385,23.076923,0.0,0.0,6.8846154,0.0,34.884617,0,1,0,208
foo,profiling.constraint.analysis.stack,ArithmeticExpression,handleParenthesis,0,0,7,10,5,5,4.0,2.6,10.2,4.2,2.6,0.0,3.4,0.0,0.8,2.6,6.0,0.0,0.0,0.8,0.0,3.4,0,0,1,59
foo,profiling.constraint.analysis.stack,ArithmeticExpression,getType,2,0,31,47,18,18,12.277778,8.166667,31.11111,14.388889,2.4444444,0.0,14.277778,0.0,0.33333334,13.944445,17.5,0.0,0.16666667,3.7777777,0.0,9.666666,0,1,0,144
foo,profiling.constraint.analysis.stack,ArithmeticExpression,hasMethodElement,1,0,8,9,5,5,6.0,4.0,20.400002,5.8,4.0,0.0,10.6,0.0,0.8,8.0,8.0,0.0,0.0,0.0,0.0,10.6,0,1,1,30
foo,profiling.constraint.project,Benchmark,countAllClasses,1,0,4,4,2,2,4.0,1.5,6.0,1.5,1.5,0.0,3.0,0.0,0.0,3.0,3.0,0.0,0.0,0.0,0.0,3.0,0,1,0,22
foo,profiling.constraint.project,Benchmark,countUnsolvableConstraintSequences,1,0,4,4,2,2,4.0,1.5,6.0,1.5,1.5,0.0,3.0,0.0,0.0,3.0,3.0,0.0,0.0,0.0,0.0,3.0,0,1,1,21
foo,profiling.constraint.project,Benchmark,countInitMethods,1,0,4,4,2,2,4.0,1.5,6.0,1.5,1.5,0.0,3.0,0.0,0.0,3.0,3.0,0.0,0.0,0.0,0.0,3.0,0,1,0,21
foo,profiling.constraint.project,Benchmark,countAnalyzedMethods,1,0,4,4,2,2,4.0,1.5,6.0,1.5,1.5,0.0,3.0,0.0,0.0,3.0,3.0,0.0,0.0,0.0,0.0,3.0,0,1,0,21
foo,profiling.constraint.project,Benchmark,countAbstractMethods,1,0,4,4,2,2,4.0,1.5,6.0,1.5,1.5,0.0,3.0,0.0,0.0,3.0,3.0,0.0,0.0,0.0,0.0,3.0,0,1,0,21
foo,profiling.constraint.project,Benchmark,countAllMethods,1,0,4,4,2,2,4.0,1.5,6.0,1.5,1.5,0.0,3.0,0.0,0.0,3.0,3.0,0.0,0.0,0.0,0.0,3.0,0,1,0,21
foo,profiling.constraint.project,Benchmark,countConstraintSequences,1,0,4,4,2,2,4.0,1.5,6.0,1.5,1.5,0.0,3.0,0.0,0.0,3.0,3.0,0.0,0.0,0.0,0.0,3.0,0,1,0,21
foo,profiling.constraint.project,Benchmark,countGetSetMethods,1,0,4,4,2,2,4.0,1.5,6.0,1.5,1.5,0.0,3.0,0.0,0.0,3.0,3.0,0.0,0.0,0.0,0.0,3.0,0,1,0,21
foo,profiling.constraint.bytecode.instructionhandler,InvokeHandler,handle,2,0,37,52,18,18,15.722222,10.0,62.055557,19.277779,17.222221,0.0,25.555555,0.0,3.3333333,21.166666,23.222221,0.0,0.16666667,6.388889,0.0,30.166666,0,1,0,294
foo,profiling.constraint.analysis,Constraint,isNonLinearExpression,1,0,15,19,10,10,5.9,4.6,16.599998,6.8,4.6,0.0,5.2,0.4,1.4,1.2,7.2,0.0,1.0,0.0,0.0,6.2,0,1,0,57
foo,profiling.constraint.analysis,Constraint,init,0,0,4,4,2,2,3.0,1.0,4.0,2.0,1.0,0.0,1.0,0.0,0.0,0.0,2.0,0.0,0.0,0.0,0.0,1.0,0,0,0,42
foo,profiling.constraint.analysis,Constraint,toString,0,0,3,2,2,2,2.0,1.0,2.0,1.0,0.0,0.0,1.0,1.0,0.0,0.0,2.0,0.0,0.0,0.0,0.0,0.0,0,0,0,24
foo,profiling.constraint.analysis,Constraint,toString2,0,0,3,2,2,2,2.0,1.0,2.0,1.0,0.0,0.0,1.0,1.0,0.0,0.0,2.0,0.0,0.0,0.0,0.0,0.0,0,0,0,28
foo,profiling.constraint.analysis,Constraint,copy,0,0,4,4,2,2,3.0,1.0,2.0,1.0,0.0,0.0,1.0,1.0,0.0,0.0,2.0,0.0,0.0,0.0,0.0,0.0,0,0,0,37
foo,profiling.constraint.analysis,Constraint,negate,0,0,3,2,2,2,2.0,1.0,2.0,1.0,0.0,0.0,1.0,1.0,0.0,0.0,2.0,0.0,0.0,0.0,0.0,0.0,0,0,0,17
foo,profiling.constraint.analysis,Constraint,findType,1,0,22,30,11,11,8.727273,5.5454545,18.363636,9.545455,1.0909091,0.0,7.7272725,1.0,1.0909091,5.6363635,10.727272,0.0,1.0909091,1.2727273,0.0,5.272727,0,1,1,111
foo,profiling.constraint.analysis,Constraint,isUnsolvable,0,0,35,54,28,28,11.464286,10.392858,41.107143,15.142858,0.0,0.071428575,25.892857,12.214286,6.392857,4.928571,13.428572,0.2857143,3.4642856,2.607143,0.0,18.892857,0,1,1,145
foo,profiling.constraint.analysis,Constraint,negate,0,0,60,92,47,47,15.063829,14.063829,65.44681,19.93617,9.6595745,0.0,35.851063,6.9148936,20.553192,8.382978,16.765957,0.0,5.680851,5.87234,0.0,37.127663,0,1,0,262
foo,profiling.constraint.analysis,Constraint,hasNonLinearExpression,0,0,4,4,3,3,2.6666667,1.6666666,5.0,1.6666666,1.6666666,0.0,1.6666666,1.6666666,0.0,0.0,3.3333333,0.0,0.0,0.0,0.0,1.6666666,0,1,0,14
foo,profiling.constraint.analysis.stack,ArithmeticOperator,init,0,0,3,3,2,2,2.5,1.0,4.0,2.0,1.0,0.0,1.0,0.0,0.0,1.0,2.0,0.0,0.0,2.0,0.0,1.0,0,0,0,11
foo,profiling.constraint.analysis,ConstraintInfo,handleMethodCall,1,0,9,12,5,5,6.2,3.6,13.4,4.2,4.6,0.0,4.6,0.0,3.0,1.6,3.4,3.0,1.0,0.4,0.0,5.6,0,0,1,71
foo,profiling.constraint.analysis,ConstraintInfo,sumDataAndTypeComparison,3,2,9,11,4,4,7.75,3.75,11.5,6.25,1.75,0.0,3.5,0.0,0.0,3.5,8.0,0.0,0.0,0.0,0.0,3.5,0,0,1,48
foo,profiling.constraint.analysis,ConstraintInfo,calculateMean,5,1,69,100,33,33,36.424244,30.39394,186.24243,60.515152,66.21212,0.0,59.515152,0.0,25.484848,34.030304,22.848486,73.27273,10.0,10.545455,0.0,69.57576,1,1,1,628
foo,profiling.constraint.analysis,ConstraintInfo,handleConstant,0,0,4,4,2,2,3.0,1.0,6.0,1.0,2.0,0.0,3.0,0.0,2.0,1.0,2.0,0.0,0.0,0.0,0.0,4.0,0,0,1,44
foo,profiling.constraint.analysis,ConstraintInfo,handleNewArray,1,0,4,4,2,2,4.0,1.5,6.5,2.0,1.5,0.0,3.0,0.0,1.5,1.5,3.5,0.0,0.0,0.0,0.0,3.0,0,0,1,21
foo,profiling.constraint.analysis,ConstraintInfo,handleArithmeticExpression,1,0,4,4,2,2,4.0,1.5,6.5,2.0,1.5,0.0,3.0,0.0,1.5,1.5,3.5,0.0,0.0,0.0,0.0,3.0,0,0,1,20
foo,profiling.constraint.analysis,ConstraintInfo,init,6,3,26,35,11,11,16.0,8.636364,50.545456,9.909091,8.090909,0.0,32.545456,0.0,7.2727275,25.272728,15.636364,1.8181819,0.0,0.0,0.0,33.09091,0,1,0,321
foo,profiling.constraint.analysis,ConstraintInfo,handleVariable,0,0,4,5,3,3,3.0,1.6666666,7.0,2.3333333,1.6666666,0.0,3.0,0.0,2.3333333,0.6666667,1.3333334,0.0,1.0,0.6666667,0.0,4.0,0,0,1,33
foo,profiling.constraint.analysis,ConstraintInfo,getTypeAmount,0,0,3,3,2,2,2.5,1.0,4.0,1.0,2.0,0.0,1.0,0.0,0.0,1.0,0.0,0.0,1.0,1.0,0.0,3.0,0,0,2,16
foo,profiling.constraint.analysis,ConstraintInfo,init,0,0,4,5,3,3,3.0,1.6666666,5.0,1.6666666,1.6666666,0.0,1.6666666,0.0,1.6666666,0.0,0.0,0.0,1.6666666,0.0,0.0,3.3333333,0,0,1,31
foo,profiling.constraint.analysis,ConstraintInfo,extractInfo,0,0,17,23,9,9,6.6666665,4.888889,17.555555,8.777778,4.888889,0.0,3.8888888,0.0,0.0,0.0,7.7777777,0.0,1.0,0.0,0.0,4.888889,0,1,1,52
foo,profiling.constraint.analysis,ConstraintInfo,extractTypesOfComparison,0,0,108,179,73,73,38.46575,36.9863,130.95891,36.9863,36.9863,0.0,56.9863,0.0,56.9863,0.0,70.0,0.0,1.9863014,0.0,0.0,58.972603,0,1,1,505
foo,profiling.constraint.bytecode.instructionhandler,CopyOfArrayHandler,isStoreInstruction,0,0,10,16,9,9,5.888889,4.888889,19.555555,9.777778,4.888889,0.0,4.888889,0.0,0.0,0.0,9.777778,0.0,0.0,0.0,0.0,4.888889,0,1,0,28
foo,profiling.constraint.bytecode.instructionhandler,CopyOfArrayHandler,handle,1,0,21,30,11,11,7.909091,5.4545455,22.454546,10.181818,5.4545455,0.0,6.818182,0.54545456,0.0,1.6363636,11.0,0.0,0.0,0.0,0.0,6.818182,0,1,1,309
foo,profiling.constraint.bytecode.instructionhandler,JSRHandler,handle,0,0,3,3,2,2,2.5,1.0,7.0,1.0,2.0,0.0,4.0,0.0,1.0,3.0,1.0,0.0,1.0,0.0,0.0,5.0,0,0,0,65
foo,profiling.constraint.bytecode.instructionhandler,PushHandler,handle,0,0,5,6,3,3,3.3333333,1.6666666,6.6666665,3.3333333,1.6666666,0.0,1.6666666,0.0,0.0,0.0,3.3333333,0.0,0.0,0.0,0.0,1.6666666,0,1,0,48
foo,profiling.constraint.analysis.stack,MethodCall,setVisited,1,0,4,4,2,2,4.0,1.5,5.0,2.0,1.5,0.0,1.5,0.0,0.0,1.5,3.5,0.0,0.0,0.0,0.0,1.5,0,0,0,31
foo,profiling.constraint.analysis.stack,MethodCall,isVariableElement,0,0,10,10,6,6,4.0,3.0,11.666666,5.6666665,3.0,0.0,3.0,0.0,0.33333334,0.0,6.0,0.0,0.0,0.0,0.0,3.0,0,1,1,28
foo,profiling.constraint.analysis.stack,MethodCall,hasMethodElement,0,0,4,4,3,3,2.6666667,1.6666666,6.0,2.6666667,1.6666666,0.0,1.6666666,0.0,0.6666667,0.0,3.3333333,0.0,0.0,0.0,0.0,1.6666666,0,0,0,13
foo,profiling.constraint.analysis.stack,MethodCall,isNonLinear,1,0,13,19,10,10,6.7,5.0,23.8,7.9,0.0,0.0,15.9,6.2,1.0,6.2,10.0,0.0,0.0,0.4,0.0,10.900001,0,1,0,63
foo,profiling.constraint.analysis.stack,MethodCall,toString,2,0,15,20,7,7,8.428572,4.142857,13.285714,6.428571,4.142857,0.0,2.7142856,0.0,0.5714286,2.142857,8.0,0.0,1.0,0.5714286,0.0,3.7142856,0,0,0,123
foo,profiling.constraint.analysis.stack,MethodCall,copy,1,0,6,7,3,3,5.0,2.3333333,7.333333,2.3333333,2.3333333,0.0,2.6666667,0.0,0.0,2.6666667,2.6666667,0.0,1.0,0.0,0.0,3.666667,0,1,1,76
foo,profiling.constraint.analysis.info,Utils,isNull,0,0,3,2,2,2,2.0,1.0,4.0,2.0,1.0,0.0,1.0,0.0,0.0,1.0,2.0,0.0,0.0,2.0,0.0,1.0,0,0,1,8
foo,profiling.constraint.analysis.info,Utils,isRef,0,0,3,2,2,2,2.0,1.0,4.0,2.0,1.0,0.0,1.0,0.0,0.0,1.0,3.0,0.0,0.0,1.0,0.0,2.0,0,0,1,9
foo,profiling.constraint.analysis.info,Utils,isBool,0,0,3,2,2,2,2.0,1.0,4.0,2.0,1.0,0.0,1.0,0.0,0.0,1.0,2.0,0.0,0.0,2.0,0.0,1.0,0,0,1,8
foo,profiling.constraint.analysis.info,Utils,isInt,0,0,6,8,5,5,3.8,2.8,11.2,5.6,2.8,0.0,2.8,0.0,0.0,2.8,5.6,0.0,0.0,5.6,0.0,2.8,0,1,1,20
foo,profiling.constraint.analysis.info,Utils,isArray,0,0,4,4,3,3,2.6666667,1.6666666,6.6666665,3.3333333,1.6666666,0.0,1.6666666,0.0,0.0,0.0,3.3333333,0.0,0.0,0.0,0.0,1.6666666,0,1,1,10
foo,profiling.constraint.analysis.info,Utils,isNonLinearMethod,1,0,12,15,7,7,6.285714,4.142857,13.857143,6.857143,5.571429,0.0,1.4285715,0.0,0.0,1.4285715,6.142857,0.0,2.0,5.428571,0.2857143,4.857143,0,1,1,207
foo,profiling.constraint.analysis.info,Utils,isFloat,0,0,4,4,3,3,2.6666667,1.6666666,6.6666665,3.3333333,1.6666666,0.0,1.6666666,0.0,0.0,1.6666666,3.3333333,0.0,0.0,3.3333333,0.0,1.6666666,0,1,1,12
foo,profiling.constraint.analysis.info,Utils,standardType,0,0,19,18,10,10,6.4,5.4,19.6,9.8,5.4,0.0,4.4,0.0,0.0,4.4,8.8,0.0,1.0,9.8,0.0,5.4,0,1,1,54
foo,profiling.constraint.analysis,CopyOfConstraintSequenceGenerator,applyUpdateOnVariable,0,0,6,8,4,4,3.75,2.25,9.25,3.5,2.25,0.0,3.5,0.0,2.25,0.0,2.5,0.0,1.0,0.0,0.0,4.5,0,1,2,38
foo,profiling.constraint.analysis,CopyOfConstraintSequenceGenerator,applyUpdate,4,0,44,63,22,22,9.272727,6.409091,26.818182,10.181818,7.818182,0.0,8.818182,0.54545456,3.5454545,1.3181819,12.454546,0.0,0.36363637,0.0,0.0,10.590909,0,1,2,235
foo,profiling.constraint.analysis,CopyOfConstraintSequenceGenerator,needsToPrint,0,0,3,2,2,2,2.0,1.0,4.0,2.0,1.0,0.0,1.0,0.0,0.0,1.0,2.0,0.0,0.0,2.0,0.0,1.0,0,0,0,9
foo,profiling.constraint.analysis,CopyOfConstraintSequenceGenerator,getConstraintSequenceElements,2,1,12,17,7,7,7.857143,4.714286,35.571426,10.428572,5.428571,0.0,19.714285,0.0,8.714286,11.0,8.142858,0.0,3.857143,1.4285715,0.0,22.142859,0,1,3,91
foo,profiling.constraint.analysis,CopyOfConstraintSequenceGenerator,applyUpdateOnMethodCall,2,0,13,17,6,6,8.166667,4.1666665,18.666666,6.5,4.1666665,0.0,8.0,0.0,4.6666665,1.6666666,6.6666665,0.0,1.1666666,0.0,0.0,9.166666,0,0,2,70
foo,profiling.constraint.analysis,CopyOfConstraintSequenceGenerator,replaceVariable,0,0,3,2,2,2,2.0,1.0,7.0,1.0,2.0,0.0,4.0,0.0,3.0,1.0,2.0,0.0,0.0,0.0,0.0,5.0,0,0,0,20
foo,profiling.constraint.analysis,CopyOfConstraintSequenceGenerator,replaceConstraint,1,0,8,9,4,4,4.75,2.75,9.75,4.0,2.75,0.0,3.0,0.0,2.0,1.0,5.75,0.0,0.0,1.0,0.0,3.0,0,0,2,80
foo,profiling.constraint.analysis,CopyOfConstraintSequenceGenerator,replaceExpression,1,0,8,10,4,4,6.0,3.0,12.5,6.0,2.5,0.0,4.0,1.0,0.0,2.5,9.0,0.0,0.0,0.0,0.0,3.0,0,0,2,51
foo,profiling.constraint.bytecode.instructionhandler,ArithmeticHandler,handle,0,0,24,34,12,12,13.833333,11.0,53.0,21.0,11.0,0.0,21.0,0.0,1.0,20.0,22.0,0.0,0.0,10.0,0.0,21.0,0,1,0,115
foo,profiling.constraint.analysis.stack,RelationalOperator,negate,0,0,12,16,6,6,5.3333335,3.3333333,13.333333,6.6666665,3.3333333,0.0,3.3333333,0.0,0.0,3.3333333,6.6666665,0.0,0.0,6.6666665,0.0,3.3333333,0,1,0,63
foo,profiling.constraint.graph,GraphUtils,getNumberOfExitNodes,1,0,5,6,3,3,4.6666665,2.3333333,19.0,2.3333333,3.0,0.0,13.666667,0.0,6.0,7.6666665,4.6666665,0.0,0.0,0.0,0.0,14.333333,0,0,0,27
foo,profiling.constraint.graph,GraphUtils,getNumberOfEntryNodes,1,0,10,14,6,6,6.3333335,3.6666667,22.333332,5.6666665,3.1666667,0.0,13.5,0.0,6.0,7.5,7.666667,0.0,0.0,0.6666667,0.0,13.999999,0,0,1,50
foo,profiling.constraint.graph,GraphUtils,produceGraphVizOutput,1,0,4,4,2,2,4.0,1.5,9.0,1.5,1.5,0.0,6.0,0.0,1.5,4.5,3.0,0.0,0.0,0.0,0.0,6.0,0,1,2,43
foo,profiling.constraint.graph,GraphUtils,checkNodesReachableFromEntryNode,1,0,5,5,3,3,4.3333335,2.3333333,25.0,3.3333333,4.3333335,0.0,17.333334,0.0,9.333333,8.0,4.6666665,0.0,0.0,1.0,0.0,19.333332,0,0,1,48
foo,profiling.constraint.graph,GraphUtils,checkValidGraph,0,0,3,2,2,2,2.0,1.0,3.0,1.0,1.0,0.0,1.0,0.0,1.0,0.0,2.0,0.0,0.0,0.0,0.0,1.0,0,0,1,29
foo,profiling.constraint.graph,GraphUtils,checkNodesThatReachesExitNodes,3,2,13,17,7,7,9.428572,5.142857,30.428572,6.428571,3.5714285,0.0,20.428572,0.0,6.571429,13.857142,10.285714,0.0,0.0,0.2857143,0.0,19.857141,0,1,1,88
foo,profiling.constraint.bytecode.instructionhandler,SwitchHandler,handle,6,1,32,46,16,16,11.1875,6.6875,37.1875,13.875,11.6875,0.0,11.625,0.0,2.0,7.625,17.5,0.0,2.25,0.3125,0.75,13.25,0,1,0,318
foo,profiling.constraint.bytecode.instructionhandler,IfHandler,handle,0,0,44,67,25,25,16.84,13.76,68.96,22.96,16.0,0.0,30.0,0.0,3.64,24.96,25.52,0.0,2.0,8.8,0.0,31.24,0,1,0,360
foo,profiling.constraint.bytecode.instructionhandler,StackHandler,handle,0,0,61,98,39,39,14.692307,12.48718,51.76923,24.487179,11.564102,0.0,15.717949,0.0,2.0769231,4.6410255,22.76923,0.0,2.025641,2.0769231,0.0,15.897436,0,1,0,346
foo,profiling.constraint.bytecode.instructionhandler,StoreHandler,handle,0,0,8,11,5,5,5.0,3.4,13.2,4.6,3.6,0.0,5.0,1.0,1.4,2.6,3.8000002,0.0,2.8,0.4,0.0,6.2,0,1,0,73
foo,profiling.constraint.analysis,PathGenerator,iterateLoopPaths,8,4,32,46,16,16,13.8125,8.3125,49.75,11.1875,11.125,0.0,27.4375,0.4375,0.0,27.0,19.0,0.0,0.25,0.0,0.0,30.5,0,0,0,195
foo,profiling.constraint.analysis,PathGenerator,expandCFG,4,1,17,23,8,8,11.625,6.25,35.375,6.25,2.25,0.0,26.875,0.0,6.875,20.0,11.0,0.0,0.75,0.0,0.0,23.625,0,1,2,158
foo,profiling.constraint.analysis,PathGenerator,generateAllPaths,3,1,10,12,4,4,8.0,3.5,14.25,5.0,1.5,0.0,7.75,1.5,0.0,6.25,8.5,0.0,0.0,0.0,0.0,5.75,0,0,1,70
foo,profiling.constraint.analysis,PathGenerator,convertStrPathToPath,1,0,4,4,2,2,4.0,1.5,5.0,2.0,1.5,0.0,1.5,0.0,0.0,1.5,3.5,0.0,0.0,0.0,0.0,1.5,0,0,1,22
foo,profiling.constraint.analysis,PathGenerator,calculateLoopCount,4,1,28,45,19,19,12.473684,7.9473686,56.105263,9.684211,7.8421054,0.0,38.57895,0.0,10.421053,28.157894,17.736841,0.0,0.0,0.0,0.0,38.368423,0,1,2,180
foo,profiling.constraint.analysis,PathGenerator,visit,1,0,14,19,7,7,6.285714,3.857143,19.428572,5.571429,5.428571,0.0,8.428572,0.0,4.0,4.428571,9.142858,0.0,0.0,0.0,0.0,10.285714,0,1,1,130
foo,profiling.constraint.analysis,PathGenerator,generateAllPaths,4,2,13,16,5,5,9.8,4.4,15.599999,5.8,2.6,0.0,7.2,1.4,0.0,5.8,10.2,0.0,0.0,0.0,0.0,5.4,0,0,1,90
foo,profiling.constraint.analysis,PathGenerator,generateAllStrPaths,0,0,6,7,3,3,4.3333335,2.0,8.0,3.0,2.0,0.0,3.0,0.0,1.0,2.0,4.0,0.0,0.0,1.0,0.0,3.0,0,0,1,74
foo,profiling.constraint.analysis,PathGenerator,countElements,1,0,6,7,3,3,5.3333335,2.3333333,11.0,3.6666667,3.0,0.0,4.3333335,0.0,1.3333334,3.0,6.0,0.0,0.0,0.0,0.0,5.0,0,0,2,22
foo,profiling.constraint.analysis,PathGenerator,generateAllDistinctPaths,5,1,25,35,12,12,13.5,6.9166665,53.083336,9.25,5.4166665,0.0,38.416668,2.5,11.75,24.166666,13.916667,0.0,0.16666667,1.6666666,0.0,37.333336,0,1,2,208
foo,profiling.constraint.analysis,PathGenerator,pathToStr,1,0,4,4,2,2,4.0,1.5,5.0,2.0,1.5,0.0,1.5,0.0,0.0,1.5,3.5,0.0,0.0,0.0,0.0,1.5,0,0,2,24
foo,profiling.constraint.analysis,PathGenerator,getIterationPaths,3,2,10,12,4,4,8.0,3.5,17.25,3.75,1.25,0.0,12.25,2.25,0.0,10.0,7.25,0.0,0.0,0.0,0.0,10.0,0,1,1,67
foo,profiling.constraint.ui,CP4SE,analyzeProject,2,1,27,65,40,40,12.2,7.975,61.075,15.65,11.85,0.95,32.625,0.0,13.675,18.95,18.875,0.0,0.0,13.45,0.0,37.449997,0,1,3,327
foo,profiling.constraint.ui,CP4SE,main,0,0,9,11,4,4,5.0,2.25,9.25,4.75,3.25,0.0,1.25,0.0,0.0,1.25,5.75,0.0,0.0,3.5,0.0,2.25,0,1,0,76
foo,profiling.constraint.ui,CP4SE,analyzeBenchmark,1,0,12,20,10,10,8.1,2.1,6.2,1.5,1.8,1.0,1.9,0.0,0.0,1.9,2.6000001,0.0,0.0,0.4,1.1,2.6,0,0,1,213
foo,profiling.constraint.analysis.info,PathMetric,hasElements,0,0,3,2,2,2,2.0,1.0,11.0,1.0,0.0,0.0,10.0,4.0,2.0,4.0,0.0,5.0,0.0,0.0,0.0,6.0,0,0,0,26
foo,profiling.constraint.analysis.info,PathMetric,init,1,0,4,4,2,2,4.0,1.5,6.0,1.5,1.5,0.0,3.0,0.0,0.0,3.0,3.0,0.0,0.0,0.0,0.0,3.0,0,1,2,48
foo,profiling.constraint.analysis.info,PathMetric,init,1,0,4,4,2,2,4.0,1.5,6.0,1.5,1.5,0.0,3.0,0.0,0.0,3.0,3.0,0.0,0.0,0.0,0.0,3.0,0,1,2,47
foo,profiling.constraint.bytecode.instructionhandler,GenericHandler,handle,0,0,3,3,2,2,2.5,1.0,4.0,2.0,1.0,0.0,1.0,0.0,0.0,0.0,2.0,0.0,0.0,0.0,0.0,1.0,0,0,0,28
foo,profiling.constraint.bytecode,CFGBuilder,getIhIndex,1,0,6,6,3,3,4.3333335,2.0,6.9999995,2.3333333,4.0,0.0,0.6666667,0.0,0.0,0.6666667,5.0,0.0,0.0,0.0,0.0,0.0,0,0,0,20
foo,profiling.constraint.bytecode,CFGBuilder,generateCFG,7,3,76,113,40,40,21.25,13.55,63.1,21.55,19.0,0.0,22.55,0.05,6.075,15.675,30.275,0.0,3.425,0.525,2.15,20.324999,0,1,0,645
foo,profiling.constraint.bytecode,CFGBuilder,showElementStack,1,0,4,4,2,2,4.0,1.5,6.0,1.5,1.5,0.0,3.0,0.0,0.0,3.0,3.0,0.0,0.0,0.0,0.0,3.0,0,1,3,28
foo,profiling.constraint.bytecode,CFGBuilder,getNextTargetNode,1,0,9,12,5,5,6.6,3.6,14.4,4.6,4.2,0.0,5.6,0.0,0.0,5.6,8.8,0.0,0.0,0.0,0.0,5.6,0,1,1,40
foo,profiling.constraint.bytecode,CFGBuilder,init,1,0,16,21,8,8,8.875,5.25,22.25,8.25,6.625,0.0,7.375,0.0,0.5,6.875,6.625,0.0,3.25,0.375,1.25,12.0,0,1,2,177
foo,profiling.constraint.bytecode.instructionhandler,XCMPHandler,handle,0,0,13,19,8,8,7.125,5.25,21.0,10.5,5.25,0.0,5.25,0.0,0.0,0.0,10.5,0.0,0.0,0.0,0.0,5.25,0,1,0,87
foo,profiling.constraint.bytecode.instructionhandler,GotoHandler,handle,0,0,8,11,5,5,5.0,3.4,19.8,1.4,6.8,0.0,11.6,0.0,1.4,10.2,5.4,0.0,1.4,0.0,0.0,13.0,0,1,0,95
